ID,PRODUCTO,DIRECCION,LOCALIDAD,RECIBE
5,secarropas,53862 Northport Lane,Avellaneda,Randee
7,pava,0348 Butternut Junction,Avellaneda,Chandal
8,pava,81473 Lukken Street,Avellaneda,Tobye
11,plancha,056 Loomis Lane,Avellaneda,Davida
24,plancha,94349 Havey Drive,Avellaneda,Terrye
34,mesa,1 Ronald Regan Street,Avellaneda,Carlie
39,televisor,8 Larry Plaza,Avellaneda,Inesita
45,silla,0130 Mccormick Park,Avellaneda,Stefanie
51,mesa,5453 Mockingbird Trail,Avellaneda,Dolli
70,mesa,7 Corscot Alley,Avellaneda,Sibeal
77,televisor,3375 Bartelt Pass,Avellaneda,Murray
86,lavarropas,4 Talisman Plaza,Avellaneda,Clint
87,aire acondicionado,21008 Summit Circle,Avellaneda,Fiann
91,televisor,03 Michigan Point,Avellaneda,Ellette
99,lavarropas,23774 Redwing Street,Avellaneda,Michelina
110,silla,75 Vernon Circle,Avellaneda,Freddie
111,pava,16565 Nobel Terrace,Avellaneda,Ansley
113,pava,739 Talisman Drive,Avellaneda,Ethel
115,televisor,7 Oriole Park,Avellaneda,Lavina
118,silla,3 Dexter Junction,Avellaneda,Hilario
124,aire acondicionado,7 Everett Court,Avellaneda,Balduin
128,aire acondicionado,686 Southridge Road,Avellaneda,Bear
142,plancha,9 Sheridan Circle,Avellaneda,Robb
160,lavarropas,98331 Village Green Circle,Avellaneda,Emelia
173,sillon,701 Dottie Court,Avellaneda,Magnum
181,silla,54832 Hollow Ridge Trail,Avellaneda,Brig
183,televisor,78598 Cambridge Junction,Avellaneda,Gracia
190,sillon,17466 Lakewood Circle,Avellaneda,Kare
197,sillon,914 Arapahoe Plaza,Avellaneda,Haven
203,sillon,8 Tony Crossing,Avellaneda,Lazar
206,plancha,40 Veith Junction,Avellaneda,Crichton
214,mesa,50 Banding Point,Avellaneda,Sara
215,plancha,2697 Forest Run Alley,Avellaneda,Romeo
218,cocina,1 Transport Drive,Avellaneda,Nicolai
225,aire acondicionado,286 5th Circle,Avellaneda,Clim
226,aire acondicionado,75 Bellgrove Terrace,Avellaneda,Claudine
227,televisor,27715 Main Circle,Avellaneda,Taber
228,secarropas,44680 Emmet Plaza,Avellaneda,Redd
239,mesa,6548 Bartelt Road,Avellaneda,Rodrick
240,cocina,5 Fulton Crossing,Avellaneda,Jaquith
242,pava,3489 Kinsman Alley,Avellaneda,Cathrine
245,mesa,98 Moulton Trail,Avellaneda,Tremaine
252,secarropas,7330 Fairview Terrace,Avellaneda,Maura
257,televisor,36 Northfield Crossing,Avellaneda,Arne
278,lavarropas,47613 Hooker Drive,Avellaneda,Emlyn
279,televisor,11039 Burrows Park,Avellaneda,Chere
294,aire acondicionado,3360 Kensington Point,Avellaneda,Meredith
299,pava,0 South Lane,Avellaneda,Toby
302,lavarropas,462 Dayton Junction,Avellaneda,Burch
307,silla,95731 Tennessee Avenue,Avellaneda,Austin
321,silla,11596 Continental Pass,Avellaneda,Adamo
330,mesa,1 Manley Park,Avellaneda,Esmeralda
346,pava,18779 Moose Avenue,Avellaneda,Shayna
347,sillon,566 Oak Park,Avellaneda,Emmalynne
364,pava,942 David Alley,Avellaneda,Merola
373,mesa,8449 Milwaukee Pass,Avellaneda,Eddie
378,plancha,55 John Wall Drive,Avellaneda,Kimble
393,lavarropas,39 Fair Oaks Street,Avellaneda,Judas
395,silla,30444 Armistice Alley,Avellaneda,Coop
397,sillon,21092 Ronald Regan Lane,Avellaneda,Stephanus
404,mesa,575 Lighthouse Bay Court,Avellaneda,Mead
405,cocina,27 Towne Parkway,Avellaneda,Gerda
406,pava,41 Prairie Rose Hill,Avellaneda,Katinka
411,lavarropas,5323 2nd Center,Avellaneda,Jessi
421,mesa,2124 Forster Trail,Avellaneda,Gunther
422,cocina,0 Mendota Junction,Avellaneda,Camila
424,plancha,28765 Delladonna Court,Avellaneda,Alex
428,secarropas,449 David Lane,Avellaneda,Kitti
437,televisor,24 Steensland Avenue,Avellaneda,Carlynne
449,sillon,5 Birchwood Road,Avellaneda,Blondell
453,secarropas,036 Melvin Street,Avellaneda,Sheff
455,plancha,996 Linden Circle,Avellaneda,Wanda
464,pava,69 Troy Crossing,Avellaneda,Prent
465,secarropas,4279 Vera Way,Avellaneda,Natalya
470,lavarropas,69 Comanche Circle,Avellaneda,Elysia
475,sillon,7 Lindbergh Way,Avellaneda,Cash
479,silla,231 Hayes Parkway,Avellaneda,Bendite
485,secarropas,923 Truax Court,Avellaneda,Petra
490,plancha,6 Kenwood Park,Avellaneda,Viviene
492,silla,3197 Algoma Way,Avellaneda,Hinze
493,pava,3233 Knutson Drive,Avellaneda,Sinclare
506,televisor,98098 Heffernan Point,Avellaneda,Marybeth
509,aire acondicionado,29823 Merchant Crossing,Avellaneda,Pebrook
510,sillon,24 Anzinger Parkway,Avellaneda,Tonie
511,lavarropas,19531 Coolidge Way,Avellaneda,Patti
513,televisor,727 Fordem Center,Avellaneda,Dorree
514,televisor,77 Ohio Alley,Avellaneda,Maryl
520,cocina,724 Schurz Place,Avellaneda,Madelena
532,cocina,649 Bellgrove Court,Avellaneda,Valery
535,secarropas,63 Manufacturers Crossing,Avellaneda,Boyd
538,silla,38710 Morrow Road,Avellaneda,Wilbur
550,televisor,4 Sachs Junction,Avellaneda,Bryan
552,televisor,4 4th Way,Avellaneda,Sawyere
561,aire acondicionado,1 Bayside Trail,Avellaneda,Anabella
563,silla,1 Harper Park,Avellaneda,Catherin
573,sillon,28472 Roxbury Place,Avellaneda,Jill
574,secarropas,53209 Canary Street,Avellaneda,Hayward
579,secarropas,83140 Holy Cross Plaza,Avellaneda,Angelle
586,pava,3 Menomonie Road,Avellaneda,Albertine
588,cocina,0043 Clyde Gallagher Point,Avellaneda,Rossy
592,plancha,9518 Eagan Junction,Avellaneda,Wash
598,aire acondicionado,546 Cherokee Circle,Avellaneda,Edwin
602,cocina,22 Gateway Road,Avellaneda,Marci
609,televisor,75054 Brentwood Hill,Avellaneda,Nedi
610,silla,4 Dennis Junction,Avellaneda,Lamar
613,secarropas,6 Gina Court,Avellaneda,Seymour
631,lavarropas,55883 New Castle Trail,Avellaneda,Filberte
633,silla,49 Porter Terrace,Avellaneda,Townie
660,televisor,772 Monterey Crossing,Avellaneda,Gray
662,cocina,4044 Jenifer Crossing,Avellaneda,Latisha
663,aire acondicionado,3 Dunning Way,Avellaneda,Gustavo
664,mesa,97 David Place,Avellaneda,Mariejeanne
683,mesa,6 Portage Parkway,Avellaneda,Clemmie
690,pava,0923 Tennyson Parkway,Avellaneda,Sheilah
695,mesa,0 Harbort Junction,Avellaneda,Herculie
699,secarropas,39 Moland Lane,Avellaneda,Daisey
707,lavarropas,441 Eagle Crest Place,Avellaneda,Amalee
711,silla,482 Alpine Pass,Avellaneda,Morganne
726,lavarropas,1915 Hooker Point,Avellaneda,Ruddy
729,aire acondicionado,566 Portage Parkway,Avellaneda,Cleon
736,plancha,816 7th Pass,Avellaneda,Lonnie
739,mesa,399 Ronald Regan Plaza,Avellaneda,Nikita
741,pava,9592 Scofield Pass,Avellaneda,Claribel
742,cocina,41892 Red Cloud Lane,Avellaneda,Marven
748,pava,119 Glendale Circle,Avellaneda,Whitman
757,lavarropas,1 Arkansas Plaza,Avellaneda,Donnamarie
764,televisor,44 Rutledge Trail,Avellaneda,Thorstein
779,televisor,6 Grover Way,Avellaneda,Nicholas
780,secarropas,9910 Sunbrook Park,Avellaneda,Christi
782,lavarropas,8865 Rigney Center,Avellaneda,Wiatt
788,aire acondicionado,87235 Straubel Parkway,Avellaneda,Irma
803,secarropas,92 Tomscot Trail,Avellaneda,Cory
804,plancha,135 Hauk Parkway,Avellaneda,Latrena
806,pava,30 Arkansas Drive,Avellaneda,Abey
807,secarropas,852 Utah Point,Avellaneda,Gil
812,plancha,956 Towne Alley,Avellaneda,Huey
819,aire acondicionado,9767 Shoshone Court,Avellaneda,Rabbi
822,silla,88811 Hudson Circle,Avellaneda,Elladine
824,cocina,4 Nova Circle,Avellaneda,Maiga
829,secarropas,472 South Lane,Avellaneda,Clemmie
831,plancha,2988 Main Terrace,Avellaneda,Amery
839,mesa,3308 Macpherson Center,Avellaneda,Vally
845,sillon,60478 Daystar Parkway,Avellaneda,Colene
870,mesa,25 Superior Court,Avellaneda,Barrie
875,silla,44640 Forest Run Way,Avellaneda,Elisa
901,sillon,8499 High Crossing Lane,Avellaneda,Ryann
905,silla,8968 Holmberg Parkway,Avellaneda,Jerome
909,televisor,996 Caliangt Way,Avellaneda,Brenden
912,cocina,184 Bartelt Point,Avellaneda,Leeland
923,secarropas,8838 Fordem Road,Avellaneda,Morie
924,lavarropas,249 Fair Oaks Crossing,Avellaneda,Corbet
926,mesa,835 Grayhawk Place,Avellaneda,Devlen
927,plancha,9 Monica Pass,Avellaneda,Anson
929,lavarropas,5918 Novick Way,Avellaneda,Mada
931,silla,1664 Crescent Oaks Trail,Avellaneda,Garnet
936,pava,0093 Hooker Lane,Avellaneda,Thatch
943,televisor,9 Heffernan Pass,Avellaneda,Lazaro
944,sillon,6733 Columbus Parkway,Avellaneda,Brana
947,lavarropas,01440 Burning Wood Terrace,Avellaneda,Hatty
950,silla,81 Haas Pass,Avellaneda,Courtney
955,secarropas,7 Twin Pines Parkway,Avellaneda,Leicester
968,cocina,4524 Petterle Avenue,Avellaneda,Kasper
974,cocina,603 Mayfield Point,Avellaneda,Marv
976,mesa,87189 Colorado Street,Avellaneda,Nanine
985,aire acondicionado,16046 David Crossing,Avellaneda,Max
987,pava,261 Sherman Street,Avellaneda,Madalena
990,plancha,75 Golf Course Trail,Avellaneda,Bryce
993,aire acondicionado,41727 Oriole Road,Avellaneda,Brett
995,plancha,201 3rd Crossing,Avellaneda,Armstrong
997,aire acondicionado,1 Crownhardt Junction,Avellaneda,Zandra
999,televisor,730 2nd Drive,Avellaneda,Shellie
5,secarropas,53862 Northport Lane,Avellaneda,Randee
7,pava,0348 Butternut Junction,Avellaneda,Chandal
8,pava,81473 Lukken Street,Avellaneda,Tobye
11,plancha,056 Loomis Lane,Avellaneda,Davida
24,plancha,94349 Havey Drive,Avellaneda,Terrye
34,mesa,1 Ronald Regan Street,Avellaneda,Carlie
39,televisor,8 Larry Plaza,Avellaneda,Inesita
45,silla,0130 Mccormick Park,Avellaneda,Stefanie
51,mesa,5453 Mockingbird Trail,Avellaneda,Dolli
70,mesa,7 Corscot Alley,Avellaneda,Sibeal
77,televisor,3375 Bartelt Pass,Avellaneda,Murray
86,lavarropas,4 Talisman Plaza,Avellaneda,Clint
87,aire acondicionado,21008 Summit Circle,Avellaneda,Fiann
91,televisor,03 Michigan Point,Avellaneda,Ellette
99,lavarropas,23774 Redwing Street,Avellaneda,Michelina
110,silla,75 Vernon Circle,Avellaneda,Freddie
111,pava,16565 Nobel Terrace,Avellaneda,Ansley
113,pava,739 Talisman Drive,Avellaneda,Ethel
115,televisor,7 Oriole Park,Avellaneda,Lavina
118,silla,3 Dexter Junction,Avellaneda,Hilario
124,aire acondicionado,7 Everett Court,Avellaneda,Balduin
128,aire acondicionado,686 Southridge Road,Avellaneda,Bear
142,plancha,9 Sheridan Circle,Avellaneda,Robb
160,lavarropas,98331 Village Green Circle,Avellaneda,Emelia
173,sillon,701 Dottie Court,Avellaneda,Magnum
181,silla,54832 Hollow Ridge Trail,Avellaneda,Brig
183,televisor,78598 Cambridge Junction,Avellaneda,Gracia
190,sillon,17466 Lakewood Circle,Avellaneda,Kare
197,sillon,914 Arapahoe Plaza,Avellaneda,Haven
203,sillon,8 Tony Crossing,Avellaneda,Lazar
206,plancha,40 Veith Junction,Avellaneda,Crichton
214,mesa,50 Banding Point,Avellaneda,Sara
215,plancha,2697 Forest Run Alley,Avellaneda,Romeo
218,cocina,1 Transport Drive,Avellaneda,Nicolai
225,aire acondicionado,286 5th Circle,Avellaneda,Clim
226,aire acondicionado,75 Bellgrove Terrace,Avellaneda,Claudine
227,televisor,27715 Main Circle,Avellaneda,Taber
228,secarropas,44680 Emmet Plaza,Avellaneda,Redd
239,mesa,6548 Bartelt Road,Avellaneda,Rodrick
240,cocina,5 Fulton Crossing,Avellaneda,Jaquith
242,pava,3489 Kinsman Alley,Avellaneda,Cathrine
245,mesa,98 Moulton Trail,Avellaneda,Tremaine
252,secarropas,7330 Fairview Terrace,Avellaneda,Maura
257,televisor,36 Northfield Crossing,Avellaneda,Arne
278,lavarropas,47613 Hooker Drive,Avellaneda,Emlyn
279,televisor,11039 Burrows Park,Avellaneda,Chere
294,aire acondicionado,3360 Kensington Point,Avellaneda,Meredith
299,pava,0 South Lane,Avellaneda,Toby
302,lavarropas,462 Dayton Junction,Avellaneda,Burch
307,silla,95731 Tennessee Avenue,Avellaneda,Austin
321,silla,11596 Continental Pass,Avellaneda,Adamo
330,mesa,1 Manley Park,Avellaneda,Esmeralda
346,pava,18779 Moose Avenue,Avellaneda,Shayna
347,sillon,566 Oak Park,Avellaneda,Emmalynne
364,pava,942 David Alley,Avellaneda,Merola
373,mesa,8449 Milwaukee Pass,Avellaneda,Eddie
378,plancha,55 John Wall Drive,Avellaneda,Kimble
393,lavarropas,39 Fair Oaks Street,Avellaneda,Judas
395,silla,30444 Armistice Alley,Avellaneda,Coop
397,sillon,21092 Ronald Regan Lane,Avellaneda,Stephanus
404,mesa,575 Lighthouse Bay Court,Avellaneda,Mead
405,cocina,27 Towne Parkway,Avellaneda,Gerda
406,pava,41 Prairie Rose Hill,Avellaneda,Katinka
411,lavarropas,5323 2nd Center,Avellaneda,Jessi
421,mesa,2124 Forster Trail,Avellaneda,Gunther
422,cocina,0 Mendota Junction,Avellaneda,Camila
424,plancha,28765 Delladonna Court,Avellaneda,Alex
428,secarropas,449 David Lane,Avellaneda,Kitti
437,televisor,24 Steensland Avenue,Avellaneda,Carlynne
449,sillon,5 Birchwood Road,Avellaneda,Blondell
453,secarropas,036 Melvin Street,Avellaneda,Sheff
455,plancha,996 Linden Circle,Avellaneda,Wanda
464,pava,69 Troy Crossing,Avellaneda,Prent
465,secarropas,4279 Vera Way,Avellaneda,Natalya
470,lavarropas,69 Comanche Circle,Avellaneda,Elysia
475,sillon,7 Lindbergh Way,Avellaneda,Cash
479,silla,231 Hayes Parkway,Avellaneda,Bendite
485,secarropas,923 Truax Court,Avellaneda,Petra
490,plancha,6 Kenwood Park,Avellaneda,Viviene
492,silla,3197 Algoma Way,Avellaneda,Hinze
493,pava,3233 Knutson Drive,Avellaneda,Sinclare
506,televisor,98098 Heffernan Point,Avellaneda,Marybeth
509,aire acondicionado,29823 Merchant Crossing,Avellaneda,Pebrook
510,sillon,24 Anzinger Parkway,Avellaneda,Tonie
511,lavarropas,19531 Coolidge Way,Avellaneda,Patti
513,televisor,727 Fordem Center,Avellaneda,Dorree
514,televisor,77 Ohio Alley,Avellaneda,Maryl
520,cocina,724 Schurz Place,Avellaneda,Madelena
532,cocina,649 Bellgrove Court,Avellaneda,Valery
535,secarropas,63 Manufacturers Crossing,Avellaneda,Boyd
538,silla,38710 Morrow Road,Avellaneda,Wilbur
550,televisor,4 Sachs Junction,Avellaneda,Bryan
552,televisor,4 4th Way,Avellaneda,Sawyere
561,aire acondicionado,1 Bayside Trail,Avellaneda,Anabella
563,silla,1 Harper Park,Avellaneda,Catherin
573,sillon,28472 Roxbury Place,Avellaneda,Jill
574,secarropas,53209 Canary Street,Avellaneda,Hayward
579,secarropas,83140 Holy Cross Plaza,Avellaneda,Angelle
586,pava,3 Menomonie Road,Avellaneda,Albertine
588,cocina,0043 Clyde Gallagher Point,Avellaneda,Rossy
592,plancha,9518 Eagan Junction,Avellaneda,Wash
598,aire acondicionado,546 Cherokee Circle,Avellaneda,Edwin
602,cocina,22 Gateway Road,Avellaneda,Marci
609,televisor,75054 Brentwood Hill,Avellaneda,Nedi
610,silla,4 Dennis Junction,Avellaneda,Lamar
613,secarropas,6 Gina Court,Avellaneda,Seymour
631,lavarropas,55883 New Castle Trail,Avellaneda,Filberte
633,silla,49 Porter Terrace,Avellaneda,Townie
660,televisor,772 Monterey Crossing,Avellaneda,Gray
662,cocina,4044 Jenifer Crossing,Avellaneda,Latisha
663,aire acondicionado,3 Dunning Way,Avellaneda,Gustavo
664,mesa,97 David Place,Avellaneda,Mariejeanne
683,mesa,6 Portage Parkway,Avellaneda,Clemmie
690,pava,0923 Tennyson Parkway,Avellaneda,Sheilah
695,mesa,0 Harbort Junction,Avellaneda,Herculie
699,secarropas,39 Moland Lane,Avellaneda,Daisey
707,lavarropas,441 Eagle Crest Place,Avellaneda,Amalee
711,silla,482 Alpine Pass,Avellaneda,Morganne
726,lavarropas,1915 Hooker Point,Avellaneda,Ruddy
729,aire acondicionado,566 Portage Parkway,Avellaneda,Cleon
736,plancha,816 7th Pass,Avellaneda,Lonnie
739,mesa,399 Ronald Regan Plaza,Avellaneda,Nikita
741,pava,9592 Scofield Pass,Avellaneda,Claribel
742,cocina,41892 Red Cloud Lane,Avellaneda,Marven
748,pava,119 Glendale Circle,Avellaneda,Whitman
757,lavarropas,1 Arkansas Plaza,Avellaneda,Donnamarie
764,televisor,44 Rutledge Trail,Avellaneda,Thorstein
779,televisor,6 Grover Way,Avellaneda,Nicholas
780,secarropas,9910 Sunbrook Park,Avellaneda,Christi
782,lavarropas,8865 Rigney Center,Avellaneda,Wiatt
788,aire acondicionado,87235 Straubel Parkway,Avellaneda,Irma
803,secarropas,92 Tomscot Trail,Avellaneda,Cory
804,plancha,135 Hauk Parkway,Avellaneda,Latrena
806,pava,30 Arkansas Drive,Avellaneda,Abey
807,secarropas,852 Utah Point,Avellaneda,Gil
812,plancha,956 Towne Alley,Avellaneda,Huey
819,aire acondicionado,9767 Shoshone Court,Avellaneda,Rabbi
822,silla,88811 Hudson Circle,Avellaneda,Elladine
824,cocina,4 Nova Circle,Avellaneda,Maiga
829,secarropas,472 South Lane,Avellaneda,Clemmie
831,plancha,2988 Main Terrace,Avellaneda,Amery
839,mesa,3308 Macpherson Center,Avellaneda,Vally
845,sillon,60478 Daystar Parkway,Avellaneda,Colene
870,mesa,25 Superior Court,Avellaneda,Barrie
875,silla,44640 Forest Run Way,Avellaneda,Elisa
901,sillon,8499 High Crossing Lane,Avellaneda,Ryann
905,silla,8968 Holmberg Parkway,Avellaneda,Jerome
909,televisor,996 Caliangt Way,Avellaneda,Brenden
912,cocina,184 Bartelt Point,Avellaneda,Leeland
923,secarropas,8838 Fordem Road,Avellaneda,Morie
924,lavarropas,249 Fair Oaks Crossing,Avellaneda,Corbet
926,mesa,835 Grayhawk Place,Avellaneda,Devlen
927,plancha,9 Monica Pass,Avellaneda,Anson
929,lavarropas,5918 Novick Way,Avellaneda,Mada
931,silla,1664 Crescent Oaks Trail,Avellaneda,Garnet
936,pava,0093 Hooker Lane,Avellaneda,Thatch
943,televisor,9 Heffernan Pass,Avellaneda,Lazaro
944,sillon,6733 Columbus Parkway,Avellaneda,Brana
947,lavarropas,01440 Burning Wood Terrace,Avellaneda,Hatty
950,silla,81 Haas Pass,Avellaneda,Courtney
955,secarropas,7 Twin Pines Parkway,Avellaneda,Leicester
968,cocina,4524 Petterle Avenue,Avellaneda,Kasper
974,cocina,603 Mayfield Point,Avellaneda,Marv
976,mesa,87189 Colorado Street,Avellaneda,Nanine
985,aire acondicionado,16046 David Crossing,Avellaneda,Max
987,pava,261 Sherman Street,Avellaneda,Madalena
990,plancha,75 Golf Course Trail,Avellaneda,Bryce
993,aire acondicionado,41727 Oriole Road,Avellaneda,Brett
995,plancha,201 3rd Crossing,Avellaneda,Armstrong
997,aire acondicionado,1 Crownhardt Junction,Avellaneda,Zandra
999,televisor,730 2nd Drive,Avellaneda,Shellie
20,aire acondicionado,52 Meadow Valley Way,Bandfield,Constantina
27,cocina,828 Talisman Park,Bandfield,Bram
29,pava,25 Reinke Road,Bandfield,Tucky
35,aire acondicionado,8 Ilene Junction,Bandfield,Percival
44,aire acondicionado,4288 Petterle Terrace,Bandfield,Dawn
56,cocina,42 Surrey Plaza,Bandfield,Barris
58,mesa,665 Atwood Trail,Bandfield,Aubert
67,sillon,2 Sullivan Parkway,Bandfield,Rodrigo
71,pava,430 Hintze Drive,Bandfield,Marquita
73,plancha,9208 Basil Point,Bandfield,Ortensia
81,secarropas,365 Del Sol Alley,Bandfield,Torrence
89,plancha,34 Russell Terrace,Bandfield,Sheffie
109,televisor,39 Del Sol Trail,Bandfield,Riley
116,cocina,0 Park Meadow Crossing,Bandfield,Thane
122,cocina,74 Mccormick Parkway,Bandfield,Andrew
125,lavarropas,114 Autumn Leaf Pass,Bandfield,Devin
130,silla,17 Doe Crossing Alley,Bandfield,Myrna
131,televisor,976 Pepper Wood Plaza,Bandfield,Lesley
137,secarropas,2318 American Park,Bandfield,Fergus
138,cocina,7 John Wall Road,Bandfield,Doralynn
151,plancha,4566 Pennsylvania Way,Bandfield,Alfy
157,plancha,68 Golf Course Lane,Bandfield,Lindsay
158,cocina,7253 Alpine Road,Bandfield,Reggie
162,mesa,4939 Northland Lane,Bandfield,Gordie
175,aire acondicionado,1000 Farwell Parkway,Bandfield,Olwen
179,silla,114 Mandrake Hill,Bandfield,Reese
184,plancha,740 Roxbury Park,Bandfield,Tiffi
198,aire acondicionado,0 Beilfuss Lane,Bandfield,Beilul
201,mesa,28 Burrows Street,Bandfield,Zia
213,mesa,743 Granby Road,Bandfield,Cad
233,cocina,926 Bashford Junction,Bandfield,Sigismund
248,secarropas,525 Blackbird Center,Bandfield,Zacherie
251,secarropas,164 Crescent Oaks Way,Bandfield,Bronnie
253,televisor,963 Village Plaza,Bandfield,Marcel
254,sillon,89193 Victoria Drive,Bandfield,Rosita
255,cocina,04635 Sycamore Hill,Bandfield,Jaime
261,aire acondicionado,16587 Kensington Drive,Bandfield,Gavrielle
268,secarropas,6 Ruskin Road,Bandfield,Willy
272,mesa,14248 Grayhawk Way,Bandfield,Tallie
280,sillon,5 Jana Court,Bandfield,Fairleigh
284,lavarropas,30 Bartillon Junction,Bandfield,Timothee
293,secarropas,446 Algoma Court,Bandfield,Alleyn
304,televisor,06347 Aberg Trail,Bandfield,Billye
306,lavarropas,38 Independence Center,Bandfield,Drucill
308,secarropas,0186 Ridgeview Road,Bandfield,Cirstoforo
313,plancha,9 Summit Avenue,Bandfield,Ailsun
314,sillon,671 Truax Pass,Bandfield,Benedetto
316,mesa,5 Mandrake Court,Bandfield,Albert
317,televisor,75679 Starling Avenue,Bandfield,Jim
334,sillon,24 Nelson Center,Bandfield,Clement
335,sillon,87502 Kings Trail,Bandfield,Maighdiln
342,silla,8 Park Meadow Crossing,Bandfield,Winna
343,sillon,66144 Roxbury Place,Bandfield,Quintina
344,plancha,676 Lindbergh Drive,Bandfield,Clem
345,cocina,9 Sheridan Hill,Bandfield,Vivianne
350,pava,91 Novick Circle,Bandfield,Eleonora
352,pava,08 Riverside Lane,Bandfield,Peg
355,mesa,40 Artisan Court,Bandfield,Cookie
357,mesa,428 Memorial Way,Bandfield,Barri
358,mesa,904 Prairieview Point,Bandfield,Elspeth
363,aire acondicionado,41619 Maple Lane,Bandfield,Georges
367,lavarropas,64832 Pennsylvania Avenue,Bandfield,Nathanil
370,lavarropas,7 Lighthouse Bay Road,Bandfield,Jo ann
371,lavarropas,685 Macpherson Road,Bandfield,Ardella
372,silla,13319 Lakewood Gardens Alley,Bandfield,Coleen
376,sillon,112 Melrose Crossing,Bandfield,Leighton
392,aire acondicionado,3 Southridge Center,Bandfield,Heidie
396,silla,678 Truax Park,Bandfield,Darrin
408,plancha,3 Esker Place,Bandfield,Mercie
418,mesa,90 Bluejay Trail,Bandfield,Sully
419,televisor,8092 Roth Way,Bandfield,Benny
423,aire acondicionado,94879 Hazelcrest Street,Bandfield,Bathsheba
434,mesa,099 Nobel Trail,Bandfield,Jule
435,secarropas,16 Straubel Road,Bandfield,Gan
441,lavarropas,159 Jackson Court,Bandfield,Stanford
443,lavarropas,66 1st Way,Bandfield,Michal
458,mesa,9025 Warrior Pass,Bandfield,Nowell
472,televisor,3635 Johnson Pass,Bandfield,Stu
473,sillon,88 6th Terrace,Bandfield,Emmie
474,sillon,07743 Del Mar Point,Bandfield,Ariella
477,cocina,3 Esker Alley,Bandfield,Georgianne
484,plancha,356 Northwestern Drive,Bandfield,Jehu
488,secarropas,43 Maywood Pass,Bandfield,Dannye
512,sillon,86056 Hoepker Hill,Bandfield,Marven
515,lavarropas,95940 Clove Crossing,Bandfield,Raynell
523,cocina,3348 Helena Crossing,Bandfield,Zedekiah
526,aire acondicionado,26150 Cordelia Terrace,Bandfield,Rosaleen
533,secarropas,0 Melby Road,Bandfield,Matt
536,secarropas,317 Scoville Center,Bandfield,Brynna
539,aire acondicionado,56000 American Plaza,Bandfield,Christy
542,mesa,281 Novick Court,Bandfield,Ravid
551,sillon,1 Russell Junction,Bandfield,Gawain
556,sillon,2 Swallow Parkway,Bandfield,Ingrid
569,sillon,88 Lakeland Lane,Bandfield,Kat
577,secarropas,6 Dayton Street,Bandfield,Sofia
591,silla,8744 Anderson Terrace,Bandfield,Janet
593,plancha,7 Springview Park,Bandfield,Paolina
595,silla,0 Northland Plaza,Bandfield,Candi
607,lavarropas,3 Southridge Court,Bandfield,Julius
608,lavarropas,02 Scofield Point,Bandfield,Tito
616,televisor,5 Lien Trail,Bandfield,Christian
617,sillon,85 Logan Alley,Bandfield,Rebeka
618,aire acondicionado,22 Blaine Terrace,Bandfield,Pris
627,televisor,7979 Forster Road,Bandfield,Garvy
629,secarropas,0 Ludington Court,Bandfield,Sherie
646,pava,469 North Avenue,Bandfield,Daniela
649,televisor,85 Lunder Circle,Bandfield,Shelli
650,pava,5 Menomonie Alley,Bandfield,Hamnet
654,televisor,39806 Center Street,Bandfield,Louise
669,secarropas,724 Fulton Place,Bandfield,Rozina
670,silla,83835 Steensland Parkway,Bandfield,Chelsey
675,lavarropas,37 Harbort Avenue,Bandfield,Bennett
685,plancha,0498 Hallows Drive,Bandfield,Aggy
686,sillon,97 Paget Junction,Bandfield,Sauveur
692,pava,08 Sutteridge Junction,Bandfield,Muire
697,aire acondicionado,920 Donald Terrace,Bandfield,Jeri
702,plancha,36 Mallory Hill,Bandfield,Thorn
703,lavarropas,2 Amoth Road,Bandfield,Yance
706,secarropas,9903 Sachtjen Pass,Bandfield,Miof mela
716,plancha,0 Debra Parkway,Bandfield,Marney
720,televisor,2 Lukken Trail,Bandfield,Kenn
724,secarropas,42719 Forster Avenue,Bandfield,Gasparo
728,secarropas,385 Welch Junction,Bandfield,L;urette
730,mesa,9 Westport Lane,Bandfield,Sanderson
745,mesa,8 Bayside Plaza,Bandfield,Elisabetta
756,lavarropas,418 Veith Crossing,Bandfield,Myron
762,cocina,00862 Waxwing Hill,Bandfield,Tish
768,cocina,52289 Gateway Hill,Bandfield,Matelda
769,aire acondicionado,84 Susan Road,Bandfield,Kearney
778,lavarropas,71 Schurz Circle,Bandfield,Vachel
789,plancha,2 Troy Lane,Bandfield,Kenyon
791,aire acondicionado,2412 Sugar Street,Bandfield,Morrie
797,mesa,5225 Moulton Center,Bandfield,Jamaal
805,pava,45 Manley Terrace,Bandfield,Ruperto
828,secarropas,18 Anthes Trail,Bandfield,Moe
837,pava,437 Clyde Gallagher Junction,Bandfield,Britt
841,secarropas,8774 Sherman Circle,Bandfield,Sergio
856,secarropas,4 Graedel Road,Bandfield,Dallas
861,lavarropas,1929 Talmadge Trail,Bandfield,Letta
865,aire acondicionado,48003 Di Loreto Center,Bandfield,Urbano
868,pava,7279 Dawn Street,Bandfield,Hendrika
872,plancha,22 David Crossing,Bandfield,Cully
882,aire acondicionado,3175 8th Point,Bandfield,Jacklyn
886,aire acondicionado,8279 Superior Junction,Bandfield,Kelby
890,pava,523 Nelson Park,Bandfield,Cathleen
894,sillon,21 Rowland Lane,Bandfield,Wang
897,mesa,164 Pennsylvania Circle,Bandfield,Minette
898,sillon,092 Lawn Avenue,Bandfield,Melonie
913,cocina,8 Memorial Alley,Bandfield,Nisse
921,sillon,5870 Village Place,Bandfield,Lydia
922,pava,609 Vernon Pass,Bandfield,Stu
935,secarropas,09 Vahlen Alley,Bandfield,Jobi
954,sillon,61174 Messerschmidt Park,Bandfield,Alma
960,mesa,18364 Milwaukee Trail,Bandfield,Eydie
963,pava,7 Mandrake Avenue,Bandfield,Neal
965,lavarropas,88 Stang Pass,Bandfield,Noami
967,aire acondicionado,38 Hayes Center,Bandfield,Solomon
970,silla,607 Dunning Place,Bandfield,Alena
979,mesa,8 Meadow Ridge Hill,Bandfield,Taddeo
982,pava,30582 Fieldstone Circle,Bandfield,Brana
998,secarropas,18 Evergreen Pass,Bandfield,Colas
2,televisor,4 Hintze Court,Bandfield,Breanne
3,plancha,44943 6th Lane,Bandfield,Griswold
10,aire acondicionado,0151 Ryan Plaza,Bandfield,Jeffry
12,lavarropas,10 Ridge Oak Park,Bandfield,Natividad
16,sillon,073 Tennessee Lane,Bandfield,Tomlin
23,televisor,7 Jay Park,Lanus,Lolita
25,aire acondicionado,0 Rockefeller Circle,Lanus,Elmore
30,silla,4 Golf Course Park,Lanus,Lovell
36,secarropas,10866 Division Trail,Lanus,Teddie
40,plancha,6 Hoepker Street,Lanus,Emlynne
47,aire acondicionado,22659 Northridge Place,Lanus,Jeth
54,lavarropas,65 Continental Avenue,Lanus,Harlan
76,plancha,01380 Summit Avenue,Lanus,Obediah
82,televisor,55 Shelley Point,Lanus,Samuel
90,silla,6261 La Follette Junction,Lanus,Thor
92,sillon,7 Rusk Park,Lanus,Frasco
94,lavarropas,468 Merrick Alley,Lanus,Zack
104,secarropas,2 Green Ridge Street,Lanus,Karol
119,cocina,542 Warrior Alley,Lanus,Brianna
132,pava,95 Dahle Road,Lanus,Jorey
134,aire acondicionado,612 Moland Court,Lanus,Janean
136,lavarropas,2 Mandrake Terrace,Lanus,Donnamarie
145,silla,42697 Hauk Way,Lanus,Durand
155,lavarropas,30417 Barby Hill,Lanus,Raye
177,cocina,64 Debra Crossing,Lanus,Star
187,silla,7 Red Cloud Street,Lanus,Hedy
188,aire acondicionado,8 Lindbergh Parkway,Lanus,Erhart
191,cocina,5136 Cottonwood Way,Lanus,Jase
192,cocina,7800 Cottonwood Circle,Lanus,Tyrus
210,aire acondicionado,2 Kipling Crossing,Lanus,Ky
211,sillon,936 Charing Cross Park,Lanus,Scot
212,televisor,5514 Hanson Court,Lanus,Ruperta
219,plancha,6422 Cody Court,Lanus,Opaline
232,lavarropas,02 Maywood Lane,Lanus,Sly
243,mesa,8689 Grim Circle,Lanus,Willa
244,televisor,25 Melrose Street,Lanus,Eamon
267,aire acondicionado,953 School Place,Lanus,Shanda
281,aire acondicionado,9 Redwing Park,Lanus,Lisle
283,silla,60 Transport Point,Lanus,Wandis
289,sillon,3 Lindbergh Plaza,Lanus,Tremayne
301,aire acondicionado,04 Myrtle Point,Lanus,Seana
305,cocina,5491 Grover Way,Lanus,Ilyssa
318,televisor,8 Arizona Road,Lanus,Jourdain
326,televisor,5 Moulton Way,Lanus,Frieda
327,sillon,3007 International Road,Lanus,Mireielle
328,lavarropas,4 Ridge Oak Place,Lanus,Mae
331,silla,9 Fairview Lane,Lanus,Gaylord
332,silla,3865 Knutson Terrace,Lanus,Issy
340,mesa,49903 Redwing Drive,Lanus,Gussi
348,plancha,6 Gulseth Parkway,Lanus,Elsey
354,secarropas,12198 Lawn Plaza,Lanus,Holden
356,televisor,32285 Carey Avenue,Lanus,Steffen
365,secarropas,99 Ilene Pass,Lanus,Brook
366,sillon,77425 Prairieview Center,Lanus,Milissent
377,lavarropas,5 Clyde Gallagher Center,Lanus,Carol-jean
382,televisor,33502 Susan Plaza,Lanus,Jo ann
386,secarropas,72603 Stone Corner Terrace,Lanus,Linda
387,lavarropas,1291 Corben Trail,Lanus,Kit
390,pava,25894 Garrison Hill,Lanus,Hunt
403,pava,7629 Washington Street,Lanus,Willi
414,plancha,11466 Merchant Drive,Lanus,Brit
415,secarropas,57990 Charing Cross Place,Lanus,Morly
427,silla,547 Jay Circle,Lanus,Hew
429,pava,5962 Crescent Oaks Way,Lanus,Garek
430,lavarropas,9 Novick Road,Lanus,Stepha
431,sillon,537 Loeprich Terrace,Lanus,Dena
445,pava,25938 Ronald Regan Trail,Lanus,Pyotr
450,aire acondicionado,4643 Norway Maple Hill,Lanus,Marty
454,mesa,9110 Crest Line Circle,Lanus,Bernardo
457,aire acondicionado,74 Swallow Street,Lanus,Marylin
466,mesa,8184 Kim Trail,Lanus,Gusty
471,secarropas,67388 Cherokee Court,Lanus,Harley
478,televisor,733 Melvin Court,Lanus,Royal
486,silla,8 Northland Pass,Lanus,Boone
487,silla,87456 Veith Alley,Lanus,Ashley
516,secarropas,3 Hallows Trail,Lanus,Nickolas
519,aire acondicionado,617 Donald Hill,Lanus,Alika
525,cocina,914 David Avenue,Lanus,Waiter
527,sillon,192 American Ash Court,Lanus,Knox
531,mesa,6944 Eliot Terrace,Lanus,Jacquelin
548,secarropas,9 Walton Avenue,Lanus,Sharona
549,mesa,57009 Miller Pass,Lanus,Vernor
555,pava,9100 Boyd Parkway,Lanus,Ximenez
559,plancha,699 Pearson Pass,Lanus,Dierdre
570,plancha,59 Ryan Center,Lanus,Fidelity
571,televisor,633 Monterey Parkway,Lanus,Dolores
585,lavarropas,7063 Transport Lane,Lanus,Der
587,silla,197 Clyde Gallagher Place,Lanus,Meg
589,cocina,61 Thierer Road,Lanus,Ami
601,sillon,57804 Monument Lane,Lanus,Maxi
606,plancha,16 Namekagon Park,Lanus,Irv
614,aire acondicionado,5 Sundown Circle,Lanus,Marrilee
619,lavarropas,57 Charing Cross Lane,Lanus,Anestassia
624,pava,022 Hanover Way,Lanus,Frasier
628,pava,4 Hollow Ridge Park,Lanus,Anabal
632,silla,53 Moland Alley,Lanus,Roderich
634,silla,1 Shoshone Lane,Lanus,Corinne
639,pava,8750 Fordem Hill,Lanus,Rufe
641,secarropas,02 Grasskamp Point,Lanus,Sophronia
643,sillon,916 Eggendart Pass,Lanus,Leola
644,mesa,6 Bonner Center,Lanus,Germana
653,pava,2 Fairfield Pass,Lanus,Lucia
667,pava,8733 Lake View Plaza,Lanus,Mariska
673,silla,315 Northland Junction,Lanus,Earlie
674,silla,5 Straubel Parkway,Lanus,Alonso
680,cocina,47682 Myrtle Crossing,Lanus,Gloriane
700,sillon,750 Moland Plaza,Lanus,Nessie
710,secarropas,1 Goodland Street,Lanus,Claudian
718,sillon,650 Jay Road,Lanus,Celisse
735,pava,7 Waxwing Plaza,Lanus,Erinn
740,cocina,8975 Hagan Terrace,Lanus,Berton
747,cocina,14385 Clyde Gallagher Hill,Lanus,Holly
753,pava,8 Loomis Plaza,Lanus,Rori
754,cocina,1713 Summerview Terrace,Lanus,Maurita
755,sillon,4862 Burrows Circle,Lanus,Granthem
763,sillon,14323 Farwell Terrace,Lanus,Talyah
773,pava,1897 Badeau Junction,Lanus,Brittani
777,secarropas,99647 Summerview Drive,Lanus,Sheilakathryn
783,sillon,685 Garrison Junction,Lanus,Andreana
795,cocina,839 Stuart Crossing,Lanus,Cicily
800,pava,93518 Milwaukee Plaza,Lanus,Cosimo
802,cocina,31489 Springview Parkway,Lanus,Berenice
814,mesa,14 Havey Terrace,Lanus,Pincus
821,secarropas,93987 Blaine Lane,Lanus,Dolli
834,secarropas,59690 East Drive,Lanus,Theadora
836,cocina,2179 Packers Center,Lanus,Caitrin
842,lavarropas,16771 Oneill Court,Lanus,Samaria
847,aire acondicionado,1095 Bowman Point,Lanus,Davey
849,televisor,90783 Fulton Parkway,Lanus,Falkner
854,mesa,17 Bartillon Avenue,Lanus,Nollie
857,cocina,9363 Anhalt Circle,Lanus,Adrian
859,mesa,5195 Farragut Center,Lanus,Alphonso
871,plancha,70 Stephen Lane,Lanus,Rudolf
878,silla,113 Talmadge Alley,Lanus,Lucias
880,secarropas,63545 Grasskamp Alley,Lanus,Kinny
885,secarropas,5 Portage Terrace,Lanus,Lucio
893,silla,71017 Northland Alley,Lanus,Shep
899,plancha,9314 Colorado Way,Lanus,Marlie
900,sillon,334 Stang Center,Lanus,Legra
902,lavarropas,1 Cambridge Point,Lanus,Burtie
904,silla,72 Vidon Lane,Lanus,Bathsheba
907,silla,6352 Redwing Center,Lanus,Franky
908,pava,3 Crest Line Point,Lanus,Merrill
910,plancha,906 Ryan Crossing,Lanus,Justin
911,aire acondicionado,13184 Anhalt Trail,Lanus,Maurise
914,aire acondicionado,3 Barby Point,Lanus,Maritsa
915,mesa,4 Meadow Vale Alley,Lanus,Misti
920,silla,0454 Harbort Pass,Lanus,Harri
925,secarropas,1895 Kensington Park,Lanus,Di
939,pava,22288 Mendota Trail,Lanus,Allx
940,silla,8 Nobel Terrace,Lanus,Violetta
946,aire acondicionado,55 Monument Center,Lanus,Niven
958,cocina,5 Eliot Circle,Lanus,Ewan
961,sillon,487 Lakewood Gardens Place,Lanus,Arlina
964,lavarropas,04223 Mayer Crossing,Lanus,Sander
966,pava,64 Columbus Circle,Lanus,Zenia
977,aire acondicionado,2 Schmedeman Alley,Lanus,Willi
996,secarropas,09 Clemons Court,Lanus,Peri
775,pava,71 Texas Road,Sarandi,Slade
781,silla,1 Petterle Parkway,Sarandi,Berri
792,mesa,957 Welch Lane,Sarandi,Gay
796,lavarropas,5479 Starling Way,Sarandi,Bennett
809,sillon,6 Reindahl Road,Sarandi,Benny
813,aire acondicionado,65 Lake View Parkway,Sarandi,Laurene
816,cocina,03581 Bluejay Lane,Sarandi,Alexis
820,pava,5533 Clyde Gallagher Street,Sarandi,Berri
825,lavarropas,8972 Acker Drive,Sarandi,Nathaniel
827,plancha,6182 Russell Drive,Sarandi,Laurel
843,televisor,12 Red Cloud Street,Sarandi,Eydie
846,televisor,4 5th Hill,Sarandi,Thedric
848,plancha,9 Manley Crossing,Sarandi,Noella
851,mesa,43 Charing Cross Junction,Sarandi,Othelia
855,silla,38135 Lawn Parkway,Sarandi,Gussie
858,televisor,5350 Mcbride Way,Sarandi,Benni
863,pava,2 Bluejay Point,Sarandi,Valene
866,mesa,693 Saint Paul Center,Sarandi,Reggis
867,aire acondicionado,70 Monument Way,Sarandi,Marylou
873,silla,34 Warner Parkway,Sarandi,Clayborne
874,plancha,644 Village Green Alley,Sarandi,Eddy
877,aire acondicionado,959 Trailsway Circle,Sarandi,Brice
879,aire acondicionado,79700 Carpenter Way,Sarandi,Corrine
884,mesa,951 Stephen Lane,Sarandi,Nance
887,secarropas,09 Hanover Road,Sarandi,Marji
892,televisor,60 Marquette Drive,Sarandi,Ashely
903,pava,8920 Summerview Trail,Sarandi,Korney
917,plancha,3 Moose Terrace,Sarandi,Giovanni
937,mesa,83707 Swallow Circle,Sarandi,Irina
952,mesa,1657 Bunker Hill Alley,Sarandi,Adelina
969,silla,33 Summerview Crossing,Sarandi,Reta
971,lavarropas,7068 Mendota Avenue,Sarandi,Kit
981,lavarropas,36930 Bashford Place,Sarandi,Alistair
986,lavarropas,1 Mitchell Way,Sarandi,Bree
992,pava,925 Bowman Point,Sarandi,Diana
1000,televisor,17 Old Gate Lane,Sarandi,Orton
1,sillon,04613 Superior Road,Sarandi,Sheba
9,mesa,6614 Porter Circle,Sarandi,Anallese
13,televisor,9 Sundown Junction,Sarandi,Hubert
14,televisor,8061 Pepper Wood Alley,Sarandi,Pattin
21,lavarropas,6 Michigan Court,Sarandi,Olive
38,silla,334 Crowley Center,Sarandi,Garik
41,plancha,3682 Mayfield Point,Sarandi,Wanda
53,cocina,293 Susan Hill,Sarandi,Granger
57,televisor,1 Spohn Way,Sarandi,Edyth
63,silla,62 Towne Way,Sarandi,Rey
74,secarropas,927 Red Cloud Terrace,Sarandi,Nealy
80,cocina,5 Rieder Street,Sarandi,Roana
84,mesa,16 Dovetail Center,Sarandi,Lina
95,silla,65 Lakewood Gardens Trail,Sarandi,Alphard
100,silla,9039 Kenwood Pass,Sarandi,Vi
101,lavarropas,35 Schmedeman Court,Sarandi,Querida
108,mesa,6 Maywood Avenue,Sarandi,Witty
114,secarropas,7 Hazelcrest Way,Sarandi,Wainwright
123,mesa,4946 Trailsway Plaza,Sarandi,Jodi
127,plancha,5 Cardinal Crossing,Sarandi,Collen
133,lavarropas,76 Spohn Circle,Sarandi,Brita
139,plancha,68 Bunker Hill Street,Sarandi,Casandra
140,silla,59601 Paget Center,Sarandi,Rosa
143,silla,81718 Lunder Drive,Sarandi,Ives
148,pava,7311 Clove Alley,Sarandi,Huntley
168,secarropas,9 Blaine Parkway,Sarandi,Antons
174,televisor,96182 Harbort Way,Sarandi,Loretta
180,cocina,72976 Chinook Way,Sarandi,Cherin
185,pava,1686 Arrowood Point,Sarandi,Lynn
194,cocina,86263 Jana Center,Sarandi,Winfield
199,pava,823 Carioca Lane,Sarandi,Alexandro
200,sillon,9 Fisk Drive,Sarandi,Amery
205,mesa,487 Gerald Crossing,Sarandi,Felicity
220,secarropas,651 Sauthoff Park,Sarandi,Justina
222,pava,0 Darwin Plaza,Sarandi,Rube
230,plancha,91 Talmadge Street,Sarandi,Desirae
258,secarropas,6383 Old Shore Lane,Sarandi,Lauree
259,mesa,334 Darwin Parkway,Sarandi,Drucill
260,aire acondicionado,2 Moose Drive,Sarandi,Morissa
263,aire acondicionado,7252 Thackeray Trail,Sarandi,Marja
269,plancha,56261 Arkansas Plaza,Sarandi,Findley
270,pava,0 Hayes Parkway,Sarandi,Lelia
271,sillon,58 Montana Way,Sarandi,Conant
273,silla,2928 Marquette Street,Sarandi,Merline
274,cocina,20956 Shasta Circle,Sarandi,Darci
286,plancha,2719 Spenser Place,Sarandi,Franklin
288,lavarropas,2881 Cordelia Terrace,Sarandi,Radcliffe
291,plancha,087 Maryland Lane,Sarandi,Zorana
292,pava,7 Hoepker Point,Sarandi,Muffin
303,silla,9 Melody Drive,Sarandi,Sheryl
311,sillon,23383 Dunning Court,Sarandi,Lesya
319,silla,75 International Avenue,Sarandi,Jessie
323,sillon,9999 Buell Place,Sarandi,Dill
329,cocina,835 Victoria Place,Sarandi,Eldon
333,cocina,04 Towne Park,Sarandi,Tildi
336,mesa,9988 Westport Crossing,Sarandi,Annie
338,plancha,3057 Arapahoe Place,Sarandi,Charmine
341,lavarropas,74 Menomonie Junction,Sarandi,Padgett
349,plancha,0243 Upham Park,Sarandi,Cletus
359,lavarropas,71 Heffernan Way,Sarandi,Loy
360,cocina,4 Golf View Trail,Sarandi,Currie
362,pava,20 Shoshone Avenue,Sarandi,Jean
369,cocina,6900 Tony Parkway,Sarandi,Anselm
374,mesa,9 Esker Trail,Sarandi,Guthry
379,plancha,031 Jana Drive,Sarandi,Malorie
383,secarropas,1 Blackbird Court,Sarandi,Lisbeth
385,plancha,8 Killdeer Park,Sarandi,Nobe
389,pava,495 Lerdahl Point,Sarandi,Marice
391,pava,922 Continental Alley,Sarandi,Aymer
398,plancha,138 Charing Cross Street,Sarandi,Robinet
407,sillon,88 Utah Avenue,Sarandi,Hedvig
409,cocina,84 Crescent Oaks Street,Sarandi,Ilyse
413,mesa,79 Gale Place,Sarandi,Kiel
416,aire acondicionado,6 Glacier Hill Hill,Sarandi,Odilia
420,pava,78 Tennyson Point,Sarandi,Denny
432,aire acondicionado,30681 Susan Way,Sarandi,Leonanie
438,televisor,4741 Kropf Center,Sarandi,Dallas
439,pava,67843 Springview Plaza,Sarandi,Casey
440,cocina,25 Hanover Junction,Sarandi,Monique
442,pava,9712 Northridge Place,Sarandi,Anna-diana
447,secarropas,11277 School Lane,Sarandi,Seward
451,televisor,48369 Carey Hill,Sarandi,Sheeree
467,lavarropas,67 Grayhawk Point,Sarandi,Joli
469,cocina,3958 Tennyson Plaza,Sarandi,Gene
476,plancha,661 Cardinal Parkway,Sarandi,Damara
481,cocina,5 Jana Avenue,Sarandi,Niki
482,aire acondicionado,48887 Lien Center,Sarandi,Feliza
483,secarropas,5402 Nobel Alley,Sarandi,Ludwig
494,sillon,51956 Mendota Junction,Sarandi,Adriena
503,pava,59 Arkansas Park,Sarandi,Katalin
518,cocina,6679 Memorial Terrace,Sarandi,Galven
521,aire acondicionado,5954 Fairfield Hill,Sarandi,Chickie
522,lavarropas,5242 Nova Parkway,Sarandi,Bartolemo
528,plancha,7000 Anderson Plaza,Sarandi,Alyosha
529,lavarropas,34 Luster Parkway,Sarandi,Elden
553,pava,2495 Veith Road,Sarandi,Shanda
554,secarropas,33 Loeprich Park,Sarandi,Sabra
566,pava,87 Hansons Circle,Sarandi,Fredia
568,sillon,46 Vernon Pass,Sarandi,Patrizius
575,secarropas,2 Stang Road,Sarandi,Eliza
580,cocina,6 Anniversary Junction,Sarandi,Kristine
582,cocina,625 Burning Wood Avenue,Sarandi,Franchot
596,secarropas,904 Lien Crossing,Sarandi,Marven
599,plancha,3315 5th Park,Sarandi,Krystyna
603,televisor,5810 Porter Park,Sarandi,Fernando
611,mesa,619 Cottonwood Parkway,Sarandi,Hillary
615,televisor,09078 Meadow Ridge Parkway,Sarandi,Kimmy
621,plancha,3227 Fulton Street,Sarandi,Wheeler
623,lavarropas,690 Northview Alley,Sarandi,Tabitha
630,secarropas,085 Esch Junction,Sarandi,Shandee
637,televisor,53279 Ridgeway Street,Sarandi,Jessa
638,mesa,6964 Banding Junction,Sarandi,Zachary
640,silla,6509 Schmedeman Plaza,Sarandi,Katrinka
645,silla,6459 Mayer Road,Sarandi,Dacey
647,televisor,1 Melvin Pass,Sarandi,Alica
648,pava,45166 Warrior Point,Sarandi,Clevie
655,sillon,4131 Ronald Regan Circle,Sarandi,Alli
656,pava,89 Manley Trail,Sarandi,Munroe
658,plancha,5397 Washington Place,Sarandi,Johannes
659,plancha,18815 Village Circle,Sarandi,Camala
671,sillon,6753 Barnett Lane,Sarandi,Loleta
676,aire acondicionado,407 Burrows Hill,Sarandi,Christiano
679,secarropas,124 Lawn Circle,Sarandi,Lyle
681,plancha,73096 Shasta Plaza,Sarandi,Virginie
688,mesa,2475 Straubel Hill,Sarandi,Ursuline
694,sillon,4 Gerald Plaza,Sarandi,Coreen
696,pava,8237 Jenifer Parkway,Sarandi,Tracy
698,pava,74 Elmside Way,Sarandi,Morly
705,aire acondicionado,458 Lerdahl Court,Sarandi,Cally
708,secarropas,9 Hagan Parkway,Sarandi,Klarrisa
715,sillon,11380 Spohn Way,Sarandi,Alphonse
717,silla,82691 Beilfuss Plaza,Sarandi,Krysta
719,lavarropas,52 Grasskamp Circle,Sarandi,Siusan
722,cocina,58170 Londonderry Avenue,Sarandi,Cammy
725,secarropas,33 Forest Court,Sarandi,Bibby
732,televisor,15859 Independence Avenue,Sarandi,Mel
733,cocina,598 Mitchell Alley,Sarandi,Mirabel
734,sillon,53 Evergreen Pass,Sarandi,Sergei
737,silla,36156 Fuller Trail,Sarandi,Boyce
744,plancha,0 Division Trail,Sarandi,Tobi
758,lavarropas,5 Mariners Cove Street,Sarandi,Harv
759,aire acondicionado,39901 New Castle Circle,Sarandi,Idaline
766,lavarropas,3501 Upham Terrace,Sarandi,Janine
770,cocina,68 Toban Point,Sarandi,Jourdain
1,sillon,04613 Superior Road,Sarandi,Sheba
9,mesa,6614 Porter Circle,Sarandi,Anallese
13,televisor,9 Sundown Junction,Sarandi,Hubert
14,televisor,8061 Pepper Wood Alley,Sarandi,Pattin
21,lavarropas,6 Michigan Court,Sarandi,Olive
38,silla,334 Crowley Center,Sarandi,Garik
41,plancha,3682 Mayfield Point,Sarandi,Wanda
53,cocina,293 Susan Hill,Sarandi,Granger
57,televisor,1 Spohn Way,Sarandi,Edyth
63,silla,62 Towne Way,Sarandi,Rey
74,secarropas,927 Red Cloud Terrace,Sarandi,Nealy
80,cocina,5 Rieder Street,Sarandi,Roana
84,mesa,16 Dovetail Center,Sarandi,Lina
95,silla,65 Lakewood Gardens Trail,Sarandi,Alphard
100,silla,9039 Kenwood Pass,Sarandi,Vi
101,lavarropas,35 Schmedeman Court,Sarandi,Querida
108,mesa,6 Maywood Avenue,Sarandi,Witty
114,secarropas,7 Hazelcrest Way,Sarandi,Wainwright
123,mesa,4946 Trailsway Plaza,Sarandi,Jodi
127,plancha,5 Cardinal Crossing,Sarandi,Collen
133,lavarropas,76 Spohn Circle,Sarandi,Brita
139,plancha,68 Bunker Hill Street,Sarandi,Casandra
140,silla,59601 Paget Center,Sarandi,Rosa
143,silla,81718 Lunder Drive,Sarandi,Ives
148,pava,7311 Clove Alley,Sarandi,Huntley
168,secarropas,9 Blaine Parkway,Sarandi,Antons
174,televisor,96182 Harbort Way,Sarandi,Loretta
180,cocina,72976 Chinook Way,Sarandi,Cherin
185,pava,1686 Arrowood Point,Sarandi,Lynn
194,cocina,86263 Jana Center,Sarandi,Winfield
199,pava,823 Carioca Lane,Sarandi,Alexandro
200,sillon,9 Fisk Drive,Sarandi,Amery
205,mesa,487 Gerald Crossing,Sarandi,Felicity
220,secarropas,651 Sauthoff Park,Sarandi,Justina
222,pava,0 Darwin Plaza,Sarandi,Rube
230,plancha,91 Talmadge Street,Sarandi,Desirae
258,secarropas,6383 Old Shore Lane,Sarandi,Lauree
259,mesa,334 Darwin Parkway,Sarandi,Drucill
260,aire acondicionado,2 Moose Drive,Sarandi,Morissa
263,aire acondicionado,7252 Thackeray Trail,Sarandi,Marja
269,plancha,56261 Arkansas Plaza,Sarandi,Findley
270,pava,0 Hayes Parkway,Sarandi,Lelia
271,sillon,58 Montana Way,Sarandi,Conant
273,silla,2928 Marquette Street,Sarandi,Merline
274,cocina,20956 Shasta Circle,Sarandi,Darci
286,plancha,2719 Spenser Place,Sarandi,Franklin
288,lavarropas,2881 Cordelia Terrace,Sarandi,Radcliffe
291,plancha,087 Maryland Lane,Sarandi,Zorana
292,pava,7 Hoepker Point,Sarandi,Muffin
303,silla,9 Melody Drive,Sarandi,Sheryl
311,sillon,23383 Dunning Court,Sarandi,Lesya
319,silla,75 International Avenue,Sarandi,Jessie
323,sillon,9999 Buell Place,Sarandi,Dill
329,cocina,835 Victoria Place,Sarandi,Eldon
333,cocina,04 Towne Park,Sarandi,Tildi
336,mesa,9988 Westport Crossing,Sarandi,Annie
338,plancha,3057 Arapahoe Place,Sarandi,Charmine
341,lavarropas,74 Menomonie Junction,Sarandi,Padgett
349,plancha,0243 Upham Park,Sarandi,Cletus
359,lavarropas,71 Heffernan Way,Sarandi,Loy
360,cocina,4 Golf View Trail,Sarandi,Currie
362,pava,20 Shoshone Avenue,Sarandi,Jean
369,cocina,6900 Tony Parkway,Sarandi,Anselm
374,mesa,9 Esker Trail,Sarandi,Guthry
379,plancha,031 Jana Drive,Sarandi,Malorie
383,secarropas,1 Blackbird Court,Sarandi,Lisbeth
385,plancha,8 Killdeer Park,Sarandi,Nobe
389,pava,495 Lerdahl Point,Sarandi,Marice
391,pava,922 Continental Alley,Sarandi,Aymer
398,plancha,138 Charing Cross Street,Sarandi,Robinet
407,sillon,88 Utah Avenue,Sarandi,Hedvig
409,cocina,84 Crescent Oaks Street,Sarandi,Ilyse
413,mesa,79 Gale Place,Sarandi,Kiel
416,aire acondicionado,6 Glacier Hill Hill,Sarandi,Odilia
420,pava,78 Tennyson Point,Sarandi,Denny
432,aire acondicionado,30681 Susan Way,Sarandi,Leonanie
438,televisor,4741 Kropf Center,Sarandi,Dallas
439,pava,67843 Springview Plaza,Sarandi,Casey
440,cocina,25 Hanover Junction,Sarandi,Monique
442,pava,9712 Northridge Place,Sarandi,Anna-diana
447,secarropas,11277 School Lane,Sarandi,Seward
451,televisor,48369 Carey Hill,Sarandi,Sheeree
467,lavarropas,67 Grayhawk Point,Sarandi,Joli
469,cocina,3958 Tennyson Plaza,Sarandi,Gene
476,plancha,661 Cardinal Parkway,Sarandi,Damara
481,cocina,5 Jana Avenue,Sarandi,Niki
482,aire acondicionado,48887 Lien Center,Sarandi,Feliza
483,secarropas,5402 Nobel Alley,Sarandi,Ludwig
494,sillon,51956 Mendota Junction,Sarandi,Adriena
503,pava,59 Arkansas Park,Sarandi,Katalin
518,cocina,6679 Memorial Terrace,Sarandi,Galven
521,aire acondicionado,5954 Fairfield Hill,Sarandi,Chickie
522,lavarropas,5242 Nova Parkway,Sarandi,Bartolemo
528,plancha,7000 Anderson Plaza,Sarandi,Alyosha
529,lavarropas,34 Luster Parkway,Sarandi,Elden
553,pava,2495 Veith Road,Sarandi,Shanda
554,secarropas,33 Loeprich Park,Sarandi,Sabra
566,pava,87 Hansons Circle,Sarandi,Fredia
568,sillon,46 Vernon Pass,Sarandi,Patrizius
575,secarropas,2 Stang Road,Sarandi,Eliza
580,cocina,6 Anniversary Junction,Sarandi,Kristine
582,cocina,625 Burning Wood Avenue,Sarandi,Franchot
596,secarropas,904 Lien Crossing,Sarandi,Marven
599,plancha,3315 5th Park,Sarandi,Krystyna
603,televisor,5810 Porter Park,Sarandi,Fernando
611,mesa,619 Cottonwood Parkway,Sarandi,Hillary
615,televisor,09078 Meadow Ridge Parkway,Sarandi,Kimmy
621,plancha,3227 Fulton Street,Sarandi,Wheeler
623,lavarropas,690 Northview Alley,Sarandi,Tabitha
630,secarropas,085 Esch Junction,Sarandi,Shandee
637,televisor,53279 Ridgeway Street,Sarandi,Jessa
638,mesa,6964 Banding Junction,Sarandi,Zachary
640,silla,6509 Schmedeman Plaza,Sarandi,Katrinka
645,silla,6459 Mayer Road,Sarandi,Dacey
647,televisor,1 Melvin Pass,Sarandi,Alica
648,pava,45166 Warrior Point,Sarandi,Clevie
655,sillon,4131 Ronald Regan Circle,Sarandi,Alli
656,pava,89 Manley Trail,Sarandi,Munroe
658,plancha,5397 Washington Place,Sarandi,Johannes
659,plancha,18815 Village Circle,Sarandi,Camala
671,sillon,6753 Barnett Lane,Sarandi,Loleta
676,aire acondicionado,407 Burrows Hill,Sarandi,Christiano
679,secarropas,124 Lawn Circle,Sarandi,Lyle
681,plancha,73096 Shasta Plaza,Sarandi,Virginie
688,mesa,2475 Straubel Hill,Sarandi,Ursuline
694,sillon,4 Gerald Plaza,Sarandi,Coreen
696,pava,8237 Jenifer Parkway,Sarandi,Tracy
698,pava,74 Elmside Way,Sarandi,Morly
705,aire acondicionado,458 Lerdahl Court,Sarandi,Cally
708,secarropas,9 Hagan Parkway,Sarandi,Klarrisa
715,sillon,11380 Spohn Way,Sarandi,Alphonse
717,silla,82691 Beilfuss Plaza,Sarandi,Krysta
719,lavarropas,52 Grasskamp Circle,Sarandi,Siusan
722,cocina,58170 Londonderry Avenue,Sarandi,Cammy
725,secarropas,33 Forest Court,Sarandi,Bibby
732,televisor,15859 Independence Avenue,Sarandi,Mel
733,cocina,598 Mitchell Alley,Sarandi,Mirabel
734,sillon,53 Evergreen Pass,Sarandi,Sergei
737,silla,36156 Fuller Trail,Sarandi,Boyce
744,plancha,0 Division Trail,Sarandi,Tobi
758,lavarropas,5 Mariners Cove Street,Sarandi,Harv
759,aire acondicionado,39901 New Castle Circle,Sarandi,Idaline
766,lavarropas,3501 Upham Terrace,Sarandi,Janine
770,cocina,68 Toban Point,Sarandi,Jourdain
775,pava,71 Texas Road,Sarandi,Slade
781,silla,1 Petterle Parkway,Sarandi,Berri
792,mesa,957 Welch Lane,Sarandi,Gay
796,lavarropas,5479 Starling Way,Sarandi,Bennett
809,sillon,6 Reindahl Road,Sarandi,Benny
813,aire acondicionado,65 Lake View Parkway,Sarandi,Laurene
816,cocina,03581 Bluejay Lane,Sarandi,Alexis
820,pava,5533 Clyde Gallagher Street,Sarandi,Berri
825,lavarropas,8972 Acker Drive,Sarandi,Nathaniel
827,plancha,6182 Russell Drive,Sarandi,Laurel
843,televisor,12 Red Cloud Street,Sarandi,Eydie
846,televisor,4 5th Hill,Sarandi,Thedric
848,plancha,9 Manley Crossing,Sarandi,Noella
851,mesa,43 Charing Cross Junction,Sarandi,Othelia
855,silla,38135 Lawn Parkway,Sarandi,Gussie
858,televisor,5350 Mcbride Way,Sarandi,Benni
863,pava,2 Bluejay Point,Sarandi,Valene
866,mesa,693 Saint Paul Center,Sarandi,Reggis
867,aire acondicionado,70 Monument Way,Sarandi,Marylou
873,silla,34 Warner Parkway,Sarandi,Clayborne
874,plancha,644 Village Green Alley,Sarandi,Eddy
877,aire acondicionado,959 Trailsway Circle,Sarandi,Brice
879,aire acondicionado,79700 Carpenter Way,Sarandi,Corrine
884,mesa,951 Stephen Lane,Sarandi,Nance
887,secarropas,09 Hanover Road,Sarandi,Marji
892,televisor,60 Marquette Drive,Sarandi,Ashely
903,pava,8920 Summerview Trail,Sarandi,Korney
917,plancha,3 Moose Terrace,Sarandi,Giovanni
937,mesa,83707 Swallow Circle,Sarandi,Irina
952,mesa,1657 Bunker Hill Alley,Sarandi,Adelina
969,silla,33 Summerview Crossing,Sarandi,Reta
971,lavarropas,7068 Mendota Avenue,Sarandi,Kit
981,lavarropas,36930 Bashford Place,Sarandi,Alistair
986,lavarropas,1 Mitchell Way,Sarandi,Bree
992,pava,925 Bowman Point,Sarandi,Diana
1000,televisor,17 Old Gate Lane,Sarandi,Orton
